{"cameraMode":{"drawMode":0,"name":"Shaded","section":"Shading Mode"},"sceneLighting":true,"audioPlay":false,"sceneViewState":{"showFog":true,"showMaterialUpdate":true,"showSkybox":true,"showFlares":true,"showImageEffects":true,"showParticleSystems":true},"in2DMode":false,"pivot":{"x":-16.639163970947267,"y":-9.637031555175782,"z":8.850828170776368},"rotation":{"x":0.20101365447044373,"y":-0.6213288903236389,"z":0.16918659210205079,"w":0.7381932139396668},"size":29.685192108154298,"orthographic":false}